REGION,Season/Survey Year,Estimate (%),95% CI (%) Low,95% CI (%) High,Sample Size,high/low bin,TOTAL SPECIMENS,TOTAL POSITIVE,PERCENT POSITIVE,ILITOTAL,TOTAL PATIENTS,ILI%
Alabama,2010-11,6.5,5.7,7.3,8221,Low Coverage,3553,848,0.23867154517309316,24052,399019,0.06027783138146304
Alabama,2011-12,9.7,8.7,10.7,8598,Low Coverage,2615,139,0.05315487571701721,17369,401801,0.043227866530944424
Alabama,2012-13,9.4,8.1,10.7,7292,Low Coverage,3539,532,0.15032495055100312,20703,560292,0.03695037587543638
Alabama,2013-14,9.6,8.7,10.5,8678,Low Coverage,4140,528,0.12753623188405797,15457,517222,0.029884653011666172
Alabama,2014-15,9.8,9.0,10.6,9092,Low Coverage,7698,787,0.10223434658352819,16571,417027,0.03973603627582866
Alabama,2015-16,43.9,41.9,45.9,7822,High Coverage,9530,461,0.04837355718782791,12040,425834,0.02827392833827266
Alabama,2016-17,9.9,8.9,10.9,7901,Low Coverage,26834,2650,0.09875531042707013,11962,350094,0.03416796631761755
Alabama,2017-18,9.3,8.4,10.2,7547,Low Coverage,34201,5247,0.1534165667670536,65738,1642776,0.040016411245355425
Alabama,2018-19,48.3,46.3,50.3,7966,High Coverage,26410,2355,0.0891707686482393,58865,1999397,0.029441376575037374
Alabama,2019-20,48.2,46.3,50.1,6564,High Coverage,30092,2640,0.08773095839425761,73660,2105870,0.03497841747116394
Alabama,2020-21,48.3,46.0,50.6,5478,High Coverage,11858,75,0.00632484398718165,24518,1990608,0.01231683988007684
Alabama,2021-22,47.1,44.5,49.7,5911,High Coverage,22679,188,0.008289607125534636,51873,2498995,0.020757544532902225
Alaska,2010-11,8.3,6.5,10.1,4082,Low Coverage,3123,924,0.29586935638808837,1158,83532,0.013862950725470478
Alaska,2011-12,7.5,6.2,8.8,4380,Low Coverage,3581,578,0.16140742809271152,977,107761,0.00906635981477529
Alaska,2012-13,9.2,8.1,10.3,4997,Low Coverage,3940,946,0.24010152284263958,1096,95842,0.01143548757329772
Alaska,2013-14,8.6,7.6,9.6,6177,Low Coverage,3504,768,0.2191780821917808,887,90127,0.009841667868674204
Alaska,2014-15,44.0,40.9,47.1,5223,High Coverage,4352,1169,0.2686121323529412,536,52575,0.010194959581550166
Alaska,2015-16,37.9,35.5,40.3,4740,High Coverage,865,196,0.22658959537572254,981,63855,0.01536293164200141
Alaska,2016-17,9.8,8.4,11.2,4998,Low Coverage,0,0,,1175,73708,0.015941281814728387
Alaska,2017-18,9.0,7.4,10.6,3690,Low Coverage,329,40,0.12158054711246201,8608,218351,0.03942276426487628
Alaska,2018-19,9.1,7.8,10.4,4169,Low Coverage,144,15,0.10416666666666667,7893,227565,0.034684595610045485
Alaska,2019-20,45.6,42.8,48.4,4866,High Coverage,445,41,0.09213483146067415,5394,215461,0.02503469305349924
Alaska,2020-21,45.4,42.8,48.0,5249,High Coverage,0,0,,998,133925,0.007451932051521374
Alaska,2021-22,8.8,7.8,9.8,5925,Low Coverage,0,0,,2792,181845,0.015353735324039703
Arizona,2010-11,8.4,7.0,9.8,7714,Low Coverage,5440,2150,0.3952205882352941,13296,1046271,0.0127079886568585
Arizona,2011-12,9.9,8.4,11.4,7028,Low Coverage,4231,1019,0.24084140865043724,9517,932888,0.010201653360317637
Arizona,2012-13,8.5,7.5,9.5,6778,Low Coverage,5618,2353,0.4188323246707013,13813,857587,0.016106820649100323
Arizona,2013-14,9.6,8.5,10.7,9278,Low Coverage,5247,2044,0.38955593672574806,16725,1130163,0.014798750268766541
Arizona,2014-15,9.0,8.2,9.8,10518,Low Coverage,6971,2122,0.3044039592597906,16423,1188524,0.013817979275134536
Arizona,2015-16,9.2,8.4,10.0,9739,Low Coverage,4077,350,0.08584743684081432,23562,1082102,0.02177428745164504
Arizona,2016-17,41.8,40.2,43.4,11261,High Coverage,9797,599,0.06114116566295805,18583,1095656,0.016960615375628846
Arizona,2017-18,9.4,8.8,10.0,12285,Low Coverage,13701,1344,0.09809502955988614,26002,818110,0.03178301206439232
Arizona,2018-19,45.6,43.5,47.7,8714,High Coverage,15313,1036,0.06765493371645008,22723,836601,0.027161095910714906
Arizona,2019-20,46.5,44.8,48.2,9168,High Coverage,15032,1382,0.09193720063863757,15393,656384,0.02345121148595944
Arizona,2020-21,48.3,46.3,50.3,9220,High Coverage,8909,3,0.0003367381299809182,5659,579698,0.009761979513470808
Arizona,2021-22,9.7,8.8,10.6,9344,Low Coverage,20435,620,0.030340102764864204,10032,550238,0.018232110468560877
Arkansas,2010-11,44.2,40.9,47.5,5605,High Coverage,2210,472,0.21357466063348415,3620,123929,0.029210273624413977
Arkansas,2011-12,6.2,5.1,7.3,5812,Low Coverage,1196,71,0.05936454849498328,2944,171984,0.017117871429900455
Arkansas,2012-13,6.6,5.5,7.7,5609,Low Coverage,2187,427,0.19524462734339276,2589,125327,0.02065795877983196
Arkansas,2013-14,5.4,4.6,6.2,6216,Low Coverage,2876,515,0.1790681502086231,3841,141622,0.027121492423493525
Arkansas,2014-15,6.3,5.5,7.1,5875,Low Coverage,3814,815,0.2136864184583115,4739,170807,0.027744764558829557
Arkansas,2015-16,7.0,6.1,7.9,5694,Low Coverage,2417,164,0.06785270997103848,2747,151213,0.01816642748969996
Arkansas,2016-17,7.2,6.2,8.2,6418,Low Coverage,3781,384,0.1015604337476858,4176,160401,0.026034750406792977
Arkansas,2017-18,6.6,5.7,7.5,6287,Low Coverage,9295,2143,0.2305540613232921,6373,174497,0.03652211785875975
Arkansas,2018-19,8.1,7.1,9.1,5247,Low Coverage,12504,2711,0.21681062060140754,5393,178764,0.030168266541361795
Arkansas,2019-20,9.6,8.7,10.5,7657,Low Coverage,10016,2303,0.2299321086261981,7376,324383,0.022738552883474164
Arkansas,2020-21,51.5,49.1,53.9,6611,High Coverage,8049,8,0.000993912287240651,8821,765525,0.01152281114267986
Arkansas,2021-22,7.9,7.0,8.8,7054,Low Coverage,16725,1266,0.07569506726457399,15178,813607,0.018655198394310766
California,2010-11,7.6,6.9,8.3,17752,Low Coverage,10294,1187,0.11530988925587721,42314,1367429,0.030944202587483517
California,2011-12,8.6,7.7,9.5,10219,Low Coverage,10768,1339,0.12434992570579495,36881,1475530,0.02499508651128747
California,2012-13,8.9,8.1,9.7,9443,Low Coverage,17383,2252,0.129551861013634,43448,1556272,0.027917998910216207
California,2013-14,42.6,35.7,49.5,5854,High Coverage,24038,3097,0.1288376736833347,42456,1729270,0.024551400301861478
California,2014-15,9.2,8.3,10.1,10590,Low Coverage,47578,8859,0.18619950397242424,48578,1943359,0.024996925426542395
California,2015-16,8.7,7.8,9.6,9488,Low Coverage,50505,4816,0.09535689535689536,40171,1936096,0.020748454622084855
California,2016-17,48.0,45.0,51.0,8010,High Coverage,48786,3403,0.06975361784118395,42860,2269092,0.01888861271380799
California,2017-18,9.9,9.1,10.7,10838,Low Coverage,64031,10005,0.15625244022426638,56132,2303180,0.024371521114285467
California,2018-19,47.4,45.8,49.0,9857,High Coverage,38693,4242,0.10963223322047916,48916,2265412,0.021592540341447825
California,2019-20,51.3,48.2,54.4,7935,High Coverage,119724,19917,0.1663576225318232,62722,2538552,0.02470778617101403
California,2020-21,49.4,47.2,51.6,9129,High Coverage,154883,109,0.0007037570294996868,36603,3145288,0.011637408084728648
California,2021-22,48.1,45.6,50.6,7271,High Coverage,280591,11108,0.039587869888913045,111244,5713288,0.01947109965399959
Colorado,2010-11,8.4,7.5,9.3,10739,Low Coverage,11008,1165,0.10583212209302326,8990,829016,0.010844181535700156
Colorado,2011-12,9.0,8.0,10.0,11945,Low Coverage,10392,894,0.08602771362586605,7404,1055446,0.007015043877185569
Colorado,2012-13,8.7,8.0,9.4,11539,Low Coverage,16865,2699,0.16003557663800771,11883,1090350,0.010898335396890906
Colorado,2013-14,51.8,50.4,53.2,12606,High Coverage,18335,3397,0.18527406599400054,8544,891572,0.009583073492662398
Colorado,2014-15,9.0,8.3,9.7,10314,Low Coverage,18423,3013,0.16354556803995007,1592,176036,0.009043604717216934
Colorado,2015-16,9.0,8.2,9.8,10600,Low Coverage,21012,1445,0.06877022653721683,1364,174128,0.007833318018928604
Colorado,2016-17,9.3,8.5,10.1,10103,Low Coverage,24616,2447,0.09940688982775431,1875,168877,0.011102755259745259
Colorado,2017-18,8.9,8.1,9.7,7765,Low Coverage,36318,4354,0.11988545624759073,16240,1153798,0.014075254073936685
Colorado,2018-19,51.6,50.1,53.1,9421,High Coverage,30161,4818,0.15974271410099133,62030,1899088,0.03266304668346069
Colorado,2019-20,55.5,53.8,57.2,7743,High Coverage,42514,5035,0.11843157548101801,52823,1622907,0.03254838385686919
Colorado,2020-21,55.4,53.8,57.0,8475,High Coverage,61232,12,0.00019597596028220538,14749,1622243,0.009091732866161235
Colorado,2021-22,57.5,56.0,59.0,9573,High Coverage,84567,2324,0.027481168777419088,51748,2218305,0.02332772094008714
Connecticut,2010-11,7.2,6.1,8.3,8956,Low Coverage,6714,1879,0.27986297289246354,990,139529,0.007095299185115639
Connecticut,2011-12,8.0,6.9,9.1,8043,Low Coverage,6139,367,0.05978172340772113,504,143553,0.0035108984138262525
Connecticut,2012-13,8.0,7.2,8.8,8003,Low Coverage,10571,1938,0.1833317566928389,1942,154029,0.012608015373728325
Connecticut,2013-14,8.8,7.7,9.9,7376,Low Coverage,12082,1964,0.16255586823373613,2479,135174,0.018339325609954577
Connecticut,2014-15,8.8,7.9,9.7,8006,Low Coverage,15943,1919,0.12036630496142507,3653,165096,0.02212652032756699
Connecticut,2015-16,8.8,8.0,9.6,11758,Low Coverage,17404,1542,0.08860032176511147,3411,181021,0.018843117649333503
Connecticut,2016-17,9.3,8.5,10.1,11507,Low Coverage,18896,1998,0.10573666384419983,3046,140006,0.02175621044812365
Connecticut,2017-18,8.4,7.8,9.0,9648,Low Coverage,31415,4272,0.13598599395193378,5229,160111,0.03265859310103616
Connecticut,2018-19,8.6,8.0,9.2,9274,Low Coverage,32736,3752,0.114613880742913,8047,233469,0.03446710269885938
Connecticut,2019-20,9.9,9.2,10.6,9447,Low Coverage,35357,5632,0.15928953248295952,56964,1525108,0.03735079745172145
Connecticut,2020-21,62.3,59.6,65.0,8279,High Coverage,13477,1,7.420048972323217e-05,16733,1951707,0.008573520513068816
Connecticut,2021-22,63.0,59.5,66.5,8011,High Coverage,67047,2781,0.041478365922412636,39117,2347140,0.01666581456581201
Delaware,2010-11,7.6,6.5,8.7,5346,Low Coverage,5820,1592,0.27353951890034367,1190,123265,0.009653997485093092
Delaware,2011-12,46.1,43.6,48.6,5737,High Coverage,4008,299,0.07460079840319361,299,111358,0.0026850338547746906
Delaware,2012-13,51.3,48.9,53.7,6360,High Coverage,4200,1681,0.4002380952380952,1429,97652,0.014633596854135091
Delaware,2013-14,50.0,47.6,52.4,6091,High Coverage,5775,1740,0.3012987012987013,1103,95225,0.011583092675242846
Delaware,2014-15,53.3,49.9,56.7,5041,High Coverage,5075,1105,0.21773399014778325,627,106647,0.005879208979155532
Delaware,2015-16,50.5,47.6,53.4,5144,High Coverage,4389,748,0.17042606516290726,414,148390,0.002789945414111463
Delaware,2016-17,51.2,48.1,54.3,4687,High Coverage,6279,1156,0.18410574932314064,357,135903,0.002626873578949692
Delaware,2017-18,48.0,46.0,50.0,6437,High Coverage,9456,1948,0.2060067681895093,957,131348,0.0072859883667813746
Delaware,2018-19,50.7,48.0,53.4,5758,High Coverage,10855,1630,0.15016121602947952,608,112558,0.005401659588834201
Delaware,2019-20,55.0,52.4,57.6,5981,High Coverage,12367,1633,0.1320449583569176,706,95254,0.007411762235706637
Delaware,2020-21,58.3,54.6,62.0,5212,High Coverage,1802,0,0.0,2318,455119,0.00509317343376128
Delaware,2021-22,53.4,50.6,56.2,4934,High Coverage,0,0,,5348,508994,0.010507000082515707
District of Columbia,2010-11,7.7,6.4,9.0,5155,Low Coverage,519,137,0.26396917148362237,2760,97676,0.028256685367951187
District of Columbia,2011-12,46.6,43.9,49.3,5203,High Coverage,0,0,,3741,102970,0.03633097018549092
District of Columbia,2012-13,9.1,7.7,10.5,4615,Low Coverage,47,29,0.6170212765957447,4159,87585,0.04748529999429126
District of Columbia,2013-14,8.9,7.8,10.0,5565,Low Coverage,271,218,0.8044280442804428,5628,74786,0.0752547268205279
District of Columbia,2014-15,8.1,6.8,9.4,4699,Low Coverage,142,107,0.7535211267605634,5040,74722,0.06745001472123337
District of Columbia,2015-16,8.3,6.9,9.7,4624,Low Coverage,0,0,,5520,84701,0.0651704230174378
District of Columbia,2016-17,9.8,8.5,11.1,5244,Low Coverage,0,0,,6737,116065,0.05804506095722225
District of Columbia,2017-18,42.8,39.4,46.2,4122,High Coverage,0,0,,14996,604112,0.02482321158990386
District of Columbia,2019-20,57.6,52.5,62.7,4255,High Coverage,0,0,,14554,653930,0.022256204792561896
District of Columbia,2020-21,58.3,55.3,61.3,7065,High Coverage,0,0,,5877,304497,0.01930068276534744
District of Columbia,2021-22,63.7,60.9,66.5,6794,High Coverage,0,0,,10605,247220,0.04289701480462746
Florida,2010-11,8.2,7.5,8.9,23009,Low Coverage,0,0,,0,0,
Florida,2011-12,8.3,7.1,9.5,7739,Low Coverage,0,0,,0,0,
Florida,2012-13,8.2,7.3,9.1,16443,Low Coverage,0,0,,0,0,
Florida,2013-14,9.3,8.6,10.0,18220,Low Coverage,0,0,,0,0,
Florida,2014-15,9.1,8.3,9.9,9449,Low Coverage,0,0,,0,0,
Florida,2015-16,9.0,8.4,9.6,15430,Low Coverage,0,0,,0,0,
Florida,2016-17,43.3,42.0,44.6,29185,High Coverage,0,0,,0,0,
Florida,2017-18,8.4,7.7,9.1,13044,Low Coverage,0,0,,0,0,
Florida,2018-19,41.0,39.6,42.4,18806,High Coverage,0,0,,0,0,
Florida,2019-20,44.4,42.4,46.4,9646,High Coverage,0,0,,0,0,
Florida,2020-21,41.7,39.2,44.2,7260,High Coverage,0,0,,0,0,
Florida,2021-22,9.6,8.8,10.4,9052,Low Coverage,73180,4004,0.05471440284230664,380033,10349614,0.036719533694686585
Georgia,2010-11,7.8,6.8,8.8,7550,Low Coverage,19162,3115,0.16256131927773718,41660,1506992,0.027644473228789535
Georgia,2011-12,8.5,7.7,9.3,8305,Low Coverage,15263,729,0.04776256306099718,24780,1621479,0.015282344082162027
Georgia,2012-13,9.4,8.4,10.4,7013,Low Coverage,35421,5976,0.16871347505716947,25875,1447667,0.017873585569056973
Georgia,2013-14,9.8,8.8,10.8,7157,Low Coverage,31937,3960,0.12399411341077747,17320,1422283,0.012177604597678521
Georgia,2014-15,9.2,8.2,10.2,5898,Low Coverage,33165,3588,0.10818634102216192,17835,1223225,0.014580310245457704
Georgia,2015-16,41.2,39.0,43.4,5874,High Coverage,28373,2034,0.07168787227293553,27828,1701061,0.01635920169823422
Georgia,2016-17,42.8,40.5,45.1,5679,High Coverage,39213,4862,0.1239894932802897,70045,2570806,0.027246318858754802
Georgia,2017-18,8.9,8.3,9.5,9328,Low Coverage,57281,10221,0.1784361306541436,100187,2461805,0.04069656207538777
Georgia,2018-19,9.4,8.3,10.5,7319,Low Coverage,54476,6119,0.11232469344298407,123197,3714931,0.03316266170219581
Georgia,2019-20,46.0,44.2,47.8,12879,High Coverage,61159,7927,0.12961297601334226,150898,3748021,0.040260713587250446
Georgia,2020-21,43.1,41.1,45.1,7705,High Coverage,31796,197,0.0061957478928167066,68730,3388048,0.020286017199284072
Georgia,2021-22,46.5,44.0,49.0,8810,High Coverage,67314,2687,0.03991740202632439,120585,3930247,0.030681277792464445
Hawaii,2010-11,51.2,47.7,54.7,7223,High Coverage,10072,2030,0.20154884829229547,1645,70981,0.02317521590284724
Hawaii,2011-12,49.9,47.2,52.6,7461,High Coverage,9214,1746,0.18949424788365532,7867,556431,0.014138320834029735
Hawaii,2012-13,54.3,51.7,56.9,8208,High Coverage,17106,3690,0.2157137846369695,7309,373038,0.019593178174877626
Hawaii,2013-14,54.4,51.8,57.0,7663,High Coverage,13990,2696,0.19270907791279485,2513,77391,0.032471476011422515
Hawaii,2014-15,52.0,49.7,54.3,7767,High Coverage,14674,3157,0.2151424287856072,6838,115609,0.05914764421455077
Hawaii,2015-16,50.2,46.4,54.0,7604,High Coverage,10196,834,0.08179678305217733,2005,75819,0.02644455875176407
Hawaii,2016-17,49.2,47.0,51.4,8487,High Coverage,9609,631,0.06566760328858362,1524,65391,0.023305959535715924
Hawaii,2017-18,43.2,41.2,45.2,7481,High Coverage,8888,608,0.06840684068406841,1896,61654,0.03075226262691796
Hawaii,2018-19,50.2,48.0,52.4,8433,High Coverage,9660,878,0.09089026915113872,1927,79715,0.02417361851596312
Hawaii,2019-20,51.0,49.3,52.7,8861,High Coverage,18366,1507,0.08205379505608189,3298,149629,0.022041181856458307
Hawaii,2020-21,54.2,52.3,56.1,8360,High Coverage,16898,19,0.0011243934193395668,676,104269,0.0064832308739893926
Hawaii,2021-22,54.5,52.3,56.7,7755,High Coverage,41236,1059,0.02568144339897177,1537,109107,0.014087088821065559
Idaho,2010-11,4.3,3.6,5.0,6664,Low Coverage,217,186,0.8571428571428571,4511,173692,0.02597125947078737
Idaho,2011-12,5.1,4.2,6.0,6375,Low Coverage,75,54,0.72,3437,193609,0.01775227391288628
Idaho,2012-13,6.2,5.4,7.0,5748,Low Coverage,774,696,0.8992248062015504,3121,189787,0.016444751221105766
Idaho,2013-14,6.6,5.8,7.4,6815,Low Coverage,736,447,0.6073369565217391,2151,114823,0.01873318063454186
Idaho,2014-15,7.7,6.6,8.8,5784,Low Coverage,1610,520,0.32298136645962733,3254,124836,0.026066198852895
Idaho,2015-16,6.9,6.1,7.7,6052,Low Coverage,586,130,0.22184300341296928,961,94810,0.010136061596877967
Idaho,2016-17,7.1,6.1,8.1,5946,Low Coverage,2002,350,0.17482517482517482,673,71032,0.009474602995832864
Idaho,2017-18,6.9,6.0,7.8,4391,Low Coverage,3631,682,0.18782704489121455,646,54304,0.011895992928697701
Idaho,2018-19,7.3,6.0,8.6,3728,Low Coverage,3174,542,0.17076244486452427,730,57792,0.012631506090808417
Idaho,2019-20,8.2,7.4,9.0,9161,Low Coverage,4098,494,0.12054660810151294,1608,102172,0.015738167012488744
Idaho,2020-21,9.6,8.7,10.5,6631,Low Coverage,2343,14,0.00597524541186513,4873,490043,0.009944025320227
Idaho,2021-22,8.3,7.5,9.1,7128,Low Coverage,8007,526,0.0656925190458349,8409,481373,0.017468782004807084
Illinois,2010-11,7.0,5.9,8.1,8455,Low Coverage,2439,605,0.24805248052480525,36342,1583906,0.02294454342618817
Illinois,2011-12,7.8,6.9,8.7,7725,Low Coverage,2053,398,0.19386264003896736,40678,2052988,0.019814046648105103
Illinois,2012-13,8.3,7.3,9.3,7551,Low Coverage,3612,618,0.17109634551495018,49519,2067556,0.02395050001064058
Illinois,2013-14,9.3,8.5,10.1,8974,Low Coverage,7001,1110,0.15854877874589343,51567,2648758,0.019468369703838553
Illinois,2014-15,8.9,8.1,9.7,8915,Low Coverage,19142,2978,0.15557413018493366,54884,2632719,0.020846888710872674
Illinois,2015-16,9.2,8.4,10.0,7893,Low Coverage,17021,1498,0.08800893014511486,45867,2310830,0.019848712367417767
Illinois,2016-17,9.5,8.4,10.6,6936,Low Coverage,19988,2869,0.1435361216730038,45070,2284341,0.019729979018018762
Illinois,2017-18,9.3,8.5,10.1,8472,Low Coverage,20375,4227,0.2074601226993865,47504,2196169,0.021630393653676014
Illinois,2018-19,9.7,8.9,10.5,8441,Low Coverage,15186,1966,0.12946134597655737,39125,2268466,0.017247338068985825
Illinois,2019-20,52.2,49.7,54.7,7739,High Coverage,19094,3039,0.15915994553262805,100229,3452422,0.029031503101301058
Illinois,2020-21,56.9,51.5,62.3,7211,High Coverage,3535,35,0.009900990099009901,28746,3489677,0.008237438593887056
Illinois,2021-22,9.8,8.7,10.9,7983,Low Coverage,18365,801,0.04361557310100735,67219,3855856,0.017432964301571426
Indiana,2010-11,5.8,5.1,6.5,10957,Low Coverage,5645,1097,0.19433126660761735,8362,446464,0.0187293936353211
Indiana,2011-12,8.2,7.3,9.1,7767,Low Coverage,2318,230,0.0992234685073339,4488,438621,0.010232068232027195
Indiana,2012-13,8.1,7.3,8.9,9666,Low Coverage,3994,868,0.21732598898347522,7752,433394,0.01788672662750292
Indiana,2013-14,7.4,6.8,8.0,10349,Low Coverage,4885,778,0.1592630501535312,5251,380246,0.013809481230571788
Indiana,2014-15,7.5,6.8,8.2,8699,Low Coverage,7222,1161,0.16075879257823317,5311,359523,0.014772351143042308
Indiana,2015-16,7.5,6.7,8.3,6760,Low Coverage,6003,399,0.06646676661669165,3569,255961,0.013943530459718472
Indiana,2016-17,8.8,8.1,9.5,11326,Low Coverage,9496,1252,0.13184498736310024,4325,245251,0.01763499435272435
Indiana,2017-18,8.1,7.4,8.8,9863,Low Coverage,14261,2544,0.17838861229927774,5685,197697,0.02875612680010319
Indiana,2018-19,9.4,8.6,10.2,9254,Low Coverage,12705,1601,0.1260133805588351,4716,213860,0.02205180959506219
Indiana,2019-20,50.9,49.5,52.3,9074,High Coverage,15212,1397,0.09183539311070207,4986,257843,0.019337348696687517
Indiana,2020-21,51.1,49.5,52.7,9201,High Coverage,15494,4,0.000258164450755131,21707,2061775,0.010528306920008246
Indiana,2021-22,9.8,9.1,10.5,8521,Low Coverage,24555,755,0.03074730197515781,45826,2757450,0.016618977678652377
Iowa,2010-11,6.9,6.0,7.8,7369,Low Coverage,2990,1068,0.35719063545150503,1190,120459,0.009878879950854647
Iowa,2011-12,8.8,8.0,9.6,7238,Low Coverage,2531,1236,0.4883445278546029,1208,185760,0.006503014642549526
Iowa,2012-13,8.5,7.7,9.3,7337,Low Coverage,4523,2060,0.4554499226177316,1371,125138,0.01095590468123192
Iowa,2013-14,8.2,7.3,9.1,8423,Low Coverage,2149,942,0.4383434155421126,3885,1368289,0.002839312455190387
Iowa,2014-15,8.6,7.7,9.5,7171,Low Coverage,4737,1166,0.24614735064386742,2589,692913,0.0037363998077680747
Iowa,2015-16,8.6,7.9,9.3,7436,Low Coverage,3773,202,0.05353829843625762,406,76853,0.005282812642317151
Iowa,2016-17,9.1,8.3,9.9,8060,Low Coverage,7585,1337,0.17626895187870797,946,120706,0.007837224330190712
Iowa,2017-18,9.4,8.6,10.2,7712,Low Coverage,13821,3300,0.23876709355328848,1756,149293,0.011762105390071873
Iowa,2018-19,54.8,53.3,56.3,8797,High Coverage,12561,1834,0.1460074834806146,2800,261445,0.010709709499129836
Iowa,2019-20,56.6,55.0,58.2,8848,High Coverage,10627,1868,0.17577867695492613,3701,251437,0.01471939292944157
Iowa,2020-21,58.4,56.7,60.1,9168,High Coverage,14536,2,0.0001375894331315355,3007,206952,0.014529939309598361
Iowa,2021-22,55.3,53.7,56.9,9350,High Coverage,62818,2760,0.04393645133560444,4262,252849,0.016855910049080675
Kansas,2010-11,7.7,6.9,8.5,12527,Low Coverage,422,223,0.5284360189573459,4239,327670,0.01293679616687521
Kansas,2011-12,8.3,7.4,9.2,15425,Low Coverage,164,119,0.725609756097561,3920,363089,0.010796251056903404
Kansas,2012-13,8.6,7.9,9.3,14699,Low Coverage,115,78,0.6782608695652174,5996,309598,0.01936705017474273
Kansas,2013-14,8.8,8.0,9.6,14725,Low Coverage,986,329,0.33367139959432046,4795,280666,0.017084363620816202
Kansas,2014-15,8.4,7.7,9.1,15833,Low Coverage,7237,1108,0.15310211413569158,6760,274577,0.02461968773786588
Kansas,2015-16,8.3,7.6,9.0,12767,Low Coverage,5103,423,0.08289241622574955,3812,290449,0.013124507228463516
Kansas,2016-17,8.4,7.6,9.2,11878,Low Coverage,4258,379,0.08900892437764209,6801,275486,0.024687279934370532
Kansas,2017-18,8.6,7.8,9.4,13771,Low Coverage,4474,439,0.09812248547161377,10687,265466,0.040257509436236655
Kansas,2018-19,9.0,8.2,9.8,10097,Low Coverage,4282,332,0.07753386268099019,12825,589695,0.02174853102027319
Kansas,2019-20,54.5,52.8,56.2,8326,High Coverage,4482,373,0.08322177599286033,18066,611554,0.029541136187483035
Kansas,2020-21,53.0,51.7,54.3,16547,High Coverage,3939,6,0.0015232292460015233,5070,512085,0.009900700079088432
Kansas,2021-22,9.3,8.6,10.0,12027,Low Coverage,11066,269,0.024308693294776793,11235,599619,0.018736897930185667
Kentucky,2010-11,7.5,6.5,8.5,9035,Low Coverage,2338,413,0.17664670658682635,4575,628496,0.007279282604821669
Kentucky,2011-12,8.5,7.5,9.5,10860,Low Coverage,1430,136,0.0951048951048951,2299,879391,0.0026143092208130397
Kentucky,2012-13,9.3,8.4,10.2,9627,Low Coverage,1966,412,0.20956256358087488,4701,851137,0.005523200142867717
Kentucky,2013-14,8.4,7.6,9.2,10716,Low Coverage,4754,501,0.10538493899873791,4958,928439,0.005340146202389172
Kentucky,2014-15,8.8,7.8,9.8,8849,Low Coverage,8583,725,0.08446929977863218,4003,1082231,0.0036988406356868357
Kentucky,2015-16,8.5,7.8,9.2,8733,Low Coverage,11651,561,0.048150373358509996,7328,1183477,0.006191924304401353
Kentucky,2016-17,8.9,8.1,9.7,8883,Low Coverage,14665,868,0.05918854415274463,12352,639689,0.019309383153376092
Kentucky,2017-18,9.3,8.5,10.1,8375,Low Coverage,22345,1904,0.0852092190646677,16429,441790,0.03718735145657439
Kentucky,2018-19,49.5,47.3,51.7,5619,High Coverage,27182,2506,0.09219336325509528,14989,485863,0.030850260258550248
Kentucky,2019-20,50.9,47.6,54.2,5520,High Coverage,31846,2711,0.08512843057212836,18052,532386,0.03390772860293095
Kentucky,2020-21,46.7,43.7,49.7,4899,High Coverage,25329,1,3.948043744324687e-05,15667,1531853,0.01022748266315371
Kentucky,2021-22,8.7,7.7,9.7,6129,Low Coverage,143472,2187,0.01524339243894279,40185,1881987,0.0213524322962911
Louisiana,2010-11,8.5,7.4,9.6,9961,Low Coverage,7526,1336,0.17751793781557268,23888,731344,0.032663151676912645
Louisiana,2011-12,9.4,8.1,10.7,8936,Low Coverage,5433,389,0.07159948463095896,14096,678265,0.0207824375428483
Louisiana,2012-13,8.2,7.4,9.0,7898,Low Coverage,7750,1309,0.16890322580645162,48354,1435933,0.033674273103271535
Louisiana,2013-14,9.3,8.3,10.3,7728,Low Coverage,4798,1308,0.27261358899541477,49328,1713120,0.0287942467544597
Louisiana,2014-15,44.7,42.1,47.3,5428,High Coverage,12911,2358,0.18263496243513283,61845,2326311,0.02658500948497428
Louisiana,2015-16,9.1,7.9,10.3,6240,Low Coverage,19341,1024,0.05294452199989659,45412,2287265,0.019854280111836625
Louisiana,2016-17,8.7,7.9,9.5,7098,Low Coverage,39725,5853,0.1473379483952171,62224,2579141,0.024125862060275106
Louisiana,2017-18,7.0,6.1,7.9,4291,Low Coverage,32552,4868,0.14954534283607765,105299,2765306,0.03807860685218923
Louisiana,2018-19,9.0,8.1,9.9,5407,Low Coverage,19665,2195,0.11161962878210017,104656,2591597,0.04038282186620837
Louisiana,2019-20,47.5,44.4,50.6,5898,High Coverage,19804,2856,0.14421329024439508,146513,2442964,0.0599734584709394
Louisiana,2020-21,44.2,41.9,46.5,6809,High Coverage,5387,0,0.0,25959,1941694,0.013369253857713934
Louisiana,2021-22,7.8,7.0,8.6,7492,Low Coverage,11028,348,0.031556039173014146,35220,2218308,0.01587696568736172
Maine,2010-11,6.1,5.1,7.1,11049,Low Coverage,814,411,0.504914004914005,1671,226853,0.007366003535329045
Maine,2011-12,7.7,6.7,8.7,10667,Low Coverage,786,76,0.09669211195928754,1180,268899,0.004388264738805277
Maine,2012-13,6.6,5.9,7.3,8597,Low Coverage,1089,502,0.46097337006427913,3113,291932,0.010663442171464588
Maine,2013-14,7.8,7.0,8.6,8805,Low Coverage,1463,548,0.3745727956254272,2485,262785,0.009456399718400975
Maine,2014-15,7.0,6.4,7.6,9164,Low Coverage,3899,1150,0.2949474224160041,3408,271703,0.012543107731603994
Maine,2015-16,7.6,6.9,8.3,9654,Low Coverage,2247,407,0.1811303960836671,2344,251027,0.009337640970891577
Maine,2016-17,9.5,8.7,10.3,10018,Low Coverage,3428,1019,0.29725787631271877,2127,231919,0.009171305498902634
Maine,2017-18,8.7,7.9,9.5,9298,Low Coverage,4171,947,0.2270438743706545,1439,213853,0.0067289212683478835
Maine,2018-19,8.4,7.7,9.1,10246,Low Coverage,3710,835,0.22506738544474394,9499,623108,0.015244548296603478
Maine,2019-20,9.4,8.8,10.0,12863,Low Coverage,4493,761,0.16937458268417538,12633,727345,0.01736864899050657
Maine,2020-21,56.4,54.2,58.6,10255,High Coverage,5698,1,0.0001755001755001755,3206,677009,0.0047355352735340295
Maine,2021-22,58.5,56.9,60.1,12120,High Coverage,14369,658,0.045793026654603664,10092,763640,0.013215651354041172
Maryland,2010-11,8.4,7.4,9.4,10622,Low Coverage,2767,1601,0.5786049873509216,6346,322448,0.019680692700838585
Maryland,2011-12,9.7,8.7,10.7,12091,Low Coverage,2326,670,0.2880481513327601,6557,326410,0.020088232590913267
Maryland,2012-13,53.1,51.0,55.2,11586,High Coverage,6481,3512,0.5418916833821941,6961,327911,0.021228321099322683
Maryland,2013-14,9.6,8.4,10.8,11734,Low Coverage,5980,2451,0.40986622073578594,6019,449594,0.013387634176612677
Maryland,2014-15,9.6,8.8,10.4,12185,Low Coverage,7251,2040,0.2813405047579644,6713,445705,0.015061531730629003
Maryland,2015-16,9.7,8.9,10.5,14683,Low Coverage,1576,87,0.05520304568527919,6262,347072,0.018042365849160982
Maryland,2016-17,53.5,51.7,55.3,15289,High Coverage,7508,1483,0.19752264251465104,7528,387231,0.01944059230795055
Maryland,2017-18,49.3,47.9,50.7,14178,High Coverage,12245,2418,0.19746835443037974,6740,327973,0.020550472142523927
Maryland,2018-19,57.0,55.5,58.5,16938,High Coverage,11335,1673,0.14759594177326862,8939,373995,0.023901389056003423
Maryland,2019-20,57.8,56.3,59.3,17920,High Coverage,16194,2306,0.14239841916759294,65906,1873913,0.035170256036432854
Maryland,2020-21,58.5,56.9,60.1,15260,High Coverage,26784,16,0.0005973715651135006,20951,1949987,0.01074417419193051
Maryland,2021-22,61.9,60.2,63.6,15350,High Coverage,38753,462,0.011921657678115243,45677,2242619,0.020367704010355748
Massachusetts,2010-11,9.2,8.4,10.0,16952,Low Coverage,1229,299,0.24328722538649308,13592,1098850,0.012369295172225509
Massachusetts,2011-12,9.7,8.8,10.6,19861,Low Coverage,684,64,0.0935672514619883,12240,1332083,0.00918861662524032
Massachusetts,2012-13,57.5,55.9,59.1,16993,High Coverage,1561,370,0.2370275464445868,16527,1314638,0.012571521589973818
Massachusetts,2013-14,53.3,51.4,55.2,10324,High Coverage,3124,496,0.1587708066581306,14517,1375315,0.010555400035628201
Massachusetts,2014-15,54.9,52.5,57.3,11895,High Coverage,12900,1686,0.13069767441860466,14031,1254024,0.01118878107596027
Massachusetts,2015-16,9.7,8.5,10.9,7863,Low Coverage,17010,2310,0.13580246913580246,10800,1065323,0.01013777042267932
Massachusetts,2016-17,50.3,48.1,52.5,8972,High Coverage,29433,4434,0.15064723269799205,14824,1348019,0.010996877640448688
Massachusetts,2017-18,49.7,47.7,51.7,7426,High Coverage,37280,6928,0.18583690987124463,28934,1580478,0.01830711974478607
Massachusetts,2018-19,59.1,57.2,61.0,7770,High Coverage,36357,5668,0.1558984514673928,39596,2314935,0.017104583930002356
Massachusetts,2019-20,60.6,59.0,62.2,8999,High Coverage,44221,7551,0.1707559756676692,56751,2511780,0.022593937367126102
Massachusetts,2020-21,66.5,64.7,68.3,7580,High Coverage,31537,24,0.0007610108761137712,21266,2922445,0.007276783652044778
Massachusetts,2021-22,62.9,61.2,64.6,8912,High Coverage,83310,3341,0.040103228904093145,60988,3618406,0.01685493557107743
Michigan,2010-11,6.4,5.6,7.2,9780,Low Coverage,526,382,0.7262357414448669,5800,587984,0.009864213992217475
Michigan,2011-12,7.5,6.7,8.3,9619,Low Coverage,1317,1119,0.8496583143507973,4695,663314,0.0070780957434940315
Michigan,2012-13,7.7,7.0,8.4,11009,Low Coverage,1019,670,0.6575073601570167,12676,675940,0.018753143770157115
Michigan,2013-14,8.6,7.9,9.3,10921,Low Coverage,4590,1416,0.3084967320261438,11422,662941,0.01722928586405125
Michigan,2014-15,8.5,7.7,9.3,7761,Low Coverage,22519,3152,0.1399706914161375,6189,751772,0.008232549230351755
Michigan,2015-16,8.2,7.4,9.0,9405,Low Coverage,30166,3123,0.10352714977126566,10139,1057645,0.00958639240955141
Michigan,2016-17,44.2,42.5,45.9,10029,High Coverage,46410,6356,0.1369532428355958,17830,1071048,0.01664724643526714
Michigan,2017-18,7.6,7.0,8.2,7542,Low Coverage,68891,13035,0.1892119435049571,21925,1136823,0.01928620374499812
Michigan,2018-19,9.2,8.5,9.9,9132,Low Coverage,63390,9484,0.14961350370720933,15409,1103316,0.013966080433892013
Michigan,2019-20,49.8,47.0,52.6,7568,High Coverage,85285,15023,0.17615055402474059,14641,1075728,0.013610317849865394
Michigan,2020-21,53.7,51.8,55.6,7669,High Coverage,33354,18,0.0005396654074473826,2614,800673,0.0032647535260961714
Michigan,2021-22,55.7,53.9,57.5,10934,High Coverage,56686,1833,0.032336026532124335,42107,3395485,0.012400879403089692
Minnesota,2010-11,8.3,7.4,9.2,10761,Low Coverage,6109,1238,0.20265182517596989,2547,195833,0.013005979584646101
Minnesota,2011-12,9.4,8.5,10.3,14706,Low Coverage,6366,1206,0.18944392082940623,2729,202161,0.01349914177314121
Minnesota,2012-13,9.4,8.6,10.2,11703,Low Coverage,10610,3085,0.29076343072573047,2991,220435,0.013568625671966794
Minnesota,2013-14,9.8,9.1,10.5,15917,Low Coverage,13347,2729,0.20446542294148498,3428,225475,0.015203459363565805
Minnesota,2014-15,51.9,50.6,53.2,16204,High Coverage,19724,3645,0.18480024335834516,4142,242010,0.017114995248130243
Minnesota,2015-16,9.5,8.8,10.2,13846,Low Coverage,14828,1094,0.07377933639061235,2774,217218,0.012770580706939573
Minnesota,2016-17,51.7,50.2,53.2,12263,High Coverage,19982,2539,0.12706435792212992,5597,266875,0.020972365339578455
Minnesota,2017-18,9.6,8.9,10.3,17022,Low Coverage,24815,4557,0.183638928067701,7296,293979,0.024818099251987386
Minnesota,2018-19,52.8,51.2,54.4,10694,High Coverage,18314,1807,0.09866768592333734,6773,306375,0.02210689514483884
Minnesota,2019-20,56.3,55.2,57.4,14901,High Coverage,17836,1859,0.10422740524781342,9520,425198,0.022389569094868743
Minnesota,2020-21,57.6,56.1,59.1,14266,High Coverage,24233,12,0.0004951925060867412,7051,1617922,0.004358059288395856
Minnesota,2021-22,57.7,56.3,59.1,11402,High Coverage,126671,5491,0.04334851702441759,36989,1813702,0.02039419926757538
Mississippi,2010-11,5.1,4.3,5.9,9274,Low Coverage,128,28,0.21875,28595,698150,0.04095824679510134
Mississippi,2011-12,6.4,5.6,7.2,7669,Low Coverage,842,81,0.09619952494061758,21076,670755,0.031421308823639034
Mississippi,2012-13,6.5,5.7,7.3,7450,Low Coverage,2040,402,0.19705882352941176,33558,749926,0.04474841517696413
Mississippi,2013-14,6.6,5.7,7.5,5768,Low Coverage,2886,577,0.19993069993069992,30446,858552,0.03546203374984858
Mississippi,2014-15,7.2,6.4,8.0,6825,Low Coverage,4692,711,0.15153452685421995,33890,967216,0.03503870903707135
Mississippi,2015-16,7.3,6.4,8.2,6424,Low Coverage,5666,325,0.05735968937522062,24895,950485,0.02619189150801959
Mississippi,2016-17,6.7,5.7,7.7,6648,Low Coverage,4514,392,0.08684093929995569,27131,905019,0.02997837614458923
Mississippi,2017-18,7.2,6.3,8.1,6283,Low Coverage,3411,339,0.09938434476693052,38133,882948,0.04318827382813031
Mississippi,2018-19,7.4,6.5,8.3,6900,Low Coverage,3672,524,0.14270152505446623,27755,847073,0.03276577107285913
Mississippi,2019-20,8.5,7.7,9.3,6904,Low Coverage,3906,448,0.11469534050179211,27385,753364,0.036350290165179114
Mississippi,2020-21,8.7,7.6,9.8,5625,Low Coverage,1419,12,0.008456659619450317,9594,503745,0.019045350326057826
Mississippi,2021-22,7.5,6.5,8.5,6289,Low Coverage,3914,274,0.07000510986203373,19794,627995,0.031519359230567125
Missouri,2010-11,6.4,5.6,7.2,7034,Low Coverage,9336,504,0.05398457583547558,5764,285487,0.02019006119367957
Missouri,2011-12,7.4,6.4,8.4,5835,Low Coverage,10662,355,0.03329581691990246,4746,321960,0.014740961610137906
Missouri,2012-13,8.0,7.1,8.9,6345,Low Coverage,13179,657,0.04985203733211928,7059,314915,0.02241557245605957
Missouri,2013-14,8.2,7.4,9.0,7387,Low Coverage,17344,742,0.04278136531365314,5306,300082,0.01768183363214055
Missouri,2014-15,8.5,7.6,9.4,7795,Low Coverage,26533,1390,0.052387592808954886,5306,288936,0.018363928343993134
Missouri,2015-16,9.0,8.2,9.8,7255,Low Coverage,22651,519,0.022912895677895017,4589,295846,0.015511448523894189
Missouri,2016-17,8.9,7.7,10.1,5723,Low Coverage,33612,2469,0.07345590860406997,6000,287504,0.020869274862262786
Missouri,2017-18,8.3,7.4,9.2,5994,Low Coverage,38511,4257,0.11053984575835475,6300,203229,0.030999512864797837
Missouri,2018-19,9.1,8.4,9.8,8597,Low Coverage,57312,7850,0.13696957007258515,3274,153267,0.02136141504694422
Missouri,2019-20,9.9,9.0,10.8,8808,Low Coverage,70269,11898,0.16932075310592154,4516,310541,0.014542363166216377
Missouri,2020-21,52.2,50.6,53.8,10910,High Coverage,71499,23,0.0003216828207387516,14426,1316132,0.010960906656779108
Missouri,2021-22,9.5,8.6,10.4,10055,Low Coverage,146591,3783,0.025806495623878684,26292,1452800,0.018097466960352422
Montana,2010-11,4.4,3.6,5.2,8954,Low Coverage,1527,331,0.21676489849377864,278,102807,0.002704096024589765
Montana,2011-12,5.1,4.4,5.8,8967,Low Coverage,706,132,0.18696883852691218,204,101601,0.0020078542534030176
Montana,2012-13,6.0,5.2,6.8,8884,Low Coverage,3649,836,0.2291038640723486,468,112405,0.004163515857835505
Montana,2013-14,6.0,5.3,6.7,8780,Low Coverage,4351,641,0.14732245460813606,305,110661,0.002756165225327803
Montana,2014-15,7.1,6.2,8.0,7110,Low Coverage,5787,648,0.1119751166407465,526,136756,0.003846266342975811
Montana,2015-16,7.7,6.8,8.6,6873,Low Coverage,4953,480,0.09691096305269534,321,138270,0.0023215448036450425
Montana,2016-17,6.3,5.3,7.3,4944,Low Coverage,6045,624,0.1032258064516129,208,136255,0.00152654948442259
Montana,2017-18,8.0,6.8,9.2,4892,Low Coverage,6784,826,0.12175707547169812,463,155137,0.0029844588976195236
Montana,2018-19,7.0,6.3,7.7,6666,Low Coverage,9146,1598,0.17472118959107807,4969,355582,0.01397427316343347
Montana,2019-20,8.2,7.5,8.9,7506,Low Coverage,10530,1429,0.13570750237416904,7338,435778,0.016838849138781673
Montana,2020-21,48.5,46.2,50.8,6038,High Coverage,17570,1,5.6915196357427435e-05,2311,351226,0.006579809011861309
Montana,2021-22,8.0,7.2,8.8,7610,Low Coverage,43383,1377,0.03174054353087615,5205,367075,0.014179663556493905
Nebraska,2010-11,7.3,5.9,8.7,17738,Low Coverage,1829,471,0.25751776927282666,2919,113341,0.025754140161106748
Nebraska,2011-12,7.0,6.0,8.0,21365,Low Coverage,1087,180,0.1655933762649494,2671,126872,0.02105271454694495
Nebraska,2012-13,7.6,6.8,8.4,12116,Low Coverage,2657,648,0.24388407978923599,5428,127633,0.04252818628411147
Nebraska,2013-14,8.1,7.2,9.0,16218,Low Coverage,2910,509,0.17491408934707903,1418,104155,0.01361432480437809
Nebraska,2014-15,8.2,7.4,9.0,18352,Low Coverage,4377,758,0.17317797578249944,1560,110237,0.014151328501319884
Nebraska,2015-16,6.9,6.2,7.6,13535,Low Coverage,3372,253,0.07502965599051008,833,134264,0.006204194720848478
Nebraska,2016-17,9.0,8.2,9.8,12035,Low Coverage,5676,841,0.1481677237491191,1205,128243,0.009396224355325437
Nebraska,2017-18,8.3,7.6,9.0,13038,Low Coverage,9175,1845,0.2010899182561308,12490,374863,0.033318839149235856
Nebraska,2018-19,8.9,8.1,9.7,11617,Low Coverage,7303,1035,0.14172257976174174,12489,406976,0.030687313256801383
Nebraska,2019-20,58.3,56.3,60.3,10840,High Coverage,4788,876,0.18295739348370926,15884,532160,0.029848165965123272
Nebraska,2020-21,58.7,57.2,60.2,14203,High Coverage,3335,1,0.0002998500749625187,6966,606581,0.011484039229715404
Nebraska,2021-22,9.3,8.4,10.2,9036,Low Coverage,21252,1742,0.08196875588179936,17101,716460,0.023868743544650087
Nevada,2010-11,6.3,4.3,8.3,4614,Low Coverage,623,279,0.4478330658105939,14667,540806,0.027120631058087374
Nevada,2011-12,8.1,6.4,9.8,6304,Low Coverage,1208,347,0.28725165562913907,5459,600048,0.009097605524891342
Nevada,2012-13,7.5,6.5,8.5,5851,Low Coverage,1669,662,0.396644697423607,7807,514908,0.015161931840251074
Nevada,2013-14,7.6,6.7,8.5,5841,Low Coverage,1337,477,0.3567688855646971,9419,760607,0.012383530522332821
Nevada,2014-15,8.5,7.4,9.6,4813,Low Coverage,987,350,0.3546099290780142,6592,675222,0.009762715077411577
Nevada,2015-16,9.5,8.2,10.8,3752,Low Coverage,509,49,0.0962671905697446,5259,572271,0.009189702081706046
Nevada,2016-17,9.1,8.1,10.1,5719,Low Coverage,559,92,0.16457960644007155,7978,851117,0.00937356438656495
Nevada,2017-18,8.1,7.0,9.2,4645,Low Coverage,1287,295,0.22921522921522922,11122,865102,0.01285628746668023
Nevada,2018-19,8.7,7.2,10.2,3854,Low Coverage,1243,233,0.18744971842316976,7161,609656,0.01174596821814269
Nevada,2019-20,44.3,40.2,48.4,5311,High Coverage,1029,287,0.2789115646258503,8525,603603,0.014123521586208153
Nevada,2020-21,43.0,39.2,46.8,4734,High Coverage,0,0,,3671,373406,0.009831122156580238
Nevada,2021-22,8.4,5.9,10.9,3679,Low Coverage,0,0,,12326,532588,0.023143593171457113
New Hampshire,2010-11,6.3,5.5,7.1,6859,Low Coverage,1126,350,0.3108348134991119,521,188140,0.0027692144147974914
New Hampshire,2011-12,6.8,5.9,7.7,7003,Low Coverage,449,127,0.2828507795100223,371,212608,0.0017449954846478026
New Hampshire,2012-13,6.9,6.1,7.7,7922,Low Coverage,597,302,0.5058626465661642,978,186393,0.005246978159051037
New Hampshire,2013-14,9.1,8.2,10.0,7494,Low Coverage,1358,447,0.329160530191458,485,182759,0.002653768077085123
New Hampshire,2014-15,9.6,8.5,10.7,6340,Low Coverage,1164,507,0.43556701030927836,850,201315,0.00422223878002136
New Hampshire,2015-16,8.8,7.8,9.8,6924,Low Coverage,663,45,0.06787330316742081,889,194524,0.004570130163887232
New Hampshire,2016-17,50.4,47.3,53.5,7000,High Coverage,1204,131,0.10880398671096346,1002,159640,0.006276622400400902
New Hampshire,2017-18,9.4,8.5,10.3,6233,Low Coverage,0,0,,1760,127230,0.013833215436610861
New Hampshire,2018-19,8.7,7.8,9.6,6144,Low Coverage,0,0,,1316,120663,0.010906408758277185
New Hampshire,2019-20,57.6,55.8,59.4,7503,High Coverage,0,0,,1087,86180,0.012613135298213042
New Hampshire,2020-21,60.7,58.2,63.2,7179,High Coverage,0,0,,177,71139,0.002488086703495973
New Hampshire,2021-22,62.1,57.6,66.6,7430,High Coverage,0,0,,476,73060,0.00651519299206132
New Jersey,2010-11,8.3,7.6,9.0,13887,Low Coverage,0,0,,8081,242408,0.03333635853602191
New Jersey,2011-12,9.5,8.6,10.4,12538,Low Coverage,0,0,,1642,226197,0.007259159051623143
New Jersey,2012-13,9.4,8.5,10.3,12219,Low Coverage,0,0,,5799,234100,0.024771465185818027
New Jersey,2013-14,46.1,44.4,47.8,12630,High Coverage,0,0,,9832,435885,0.02255640822694059
New Jersey,2014-15,9.8,9.0,10.6,10483,Low Coverage,0,0,,8227,402355,0.020447117595158503
New Jersey,2015-16,9.4,8.5,10.3,7818,Low Coverage,0,0,,3754,236763,0.015855517965222606
New Jersey,2016-17,49.1,46.8,51.4,8682,High Coverage,0,0,,22371,700923,0.03191648726036954
New Jersey,2017-18,48.1,45.4,50.8,9526,High Coverage,0,0,,43884,1278177,0.03433327309128548
New Jersey,2019-20,53.9,51.9,55.9,4940,High Coverage,0,0,,61911,1488498,0.04159293462268676
New Jersey,2020-21,55.2,53.1,57.3,7698,High Coverage,0,0,,25166,1248952,0.02014969350303294
New Jersey,2021-22,59.3,57.5,61.1,8439,High Coverage,0,0,,50547,1472038,0.03433810811949148
New Mexico,2010-11,7.9,6.7,9.1,9188,Low Coverage,1080,456,0.4222222222222222,8951,314727,0.028440521467811786
New Mexico,2011-12,9.5,8.3,10.7,8714,Low Coverage,844,253,0.29976303317535546,7428,342945,0.021659449765997464
New Mexico,2012-13,9.7,8.8,10.6,7996,Low Coverage,1089,453,0.41597796143250687,9340,389641,0.023970783362120517
New Mexico,2013-14,46.6,44.7,48.5,9853,High Coverage,1836,599,0.32625272331154687,12428,488499,0.02544119844667031
New Mexico,2014-15,9.8,8.6,11.0,7170,Low Coverage,2324,612,0.2633390705679862,10733,530416,0.020235060782480167
New Mexico,2015-16,9.2,8.1,10.3,6395,Low Coverage,16019,2198,0.13721206067794495,10426,504449,0.020668095288126253
New Mexico,2016-17,49.2,46.7,51.7,6342,High Coverage,16598,2078,0.12519580672370165,9476,476253,0.019896987525537896
New Mexico,2017-18,8.8,7.9,9.7,7400,Low Coverage,30178,5517,0.1828152959109285,22460,792385,0.028344807132896256
New Mexico,2018-19,9.8,8.8,10.8,7277,Low Coverage,13696,1714,0.12514602803738317,25587,935457,0.027352406363948315
New Mexico,2019-20,53.3,51.4,55.2,9484,High Coverage,23836,2316,0.09716395368350395,35211,1103107,0.031919840958311387
New Mexico,2020-21,51.1,48.8,53.4,7285,High Coverage,59160,31,0.0005240027045300879,12795,974954,0.013123696092328458
New Mexico,2021-22,9.9,8.9,10.9,6229,Low Coverage,192908,7962,0.04127356045368777,42559,1095951,0.03883294052380079
New York,2010-11,7.8,7.0,8.6,11525,Low Coverage,23327,3786,0.16230119603892484,8601,448944,0.019158291457286432
New York,2011-12,8.7,7.8,9.6,8392,Low Coverage,10780,654,0.060667903525046384,2797,533810,0.005239692025252431
New York,2012-13,9.7,8.8,10.6,9646,Low Coverage,39293,7070,0.17993026747766777,10929,606652,0.01801527069885206
New York,2013-14,48.4,46.6,50.2,10442,High Coverage,43427,6199,0.14274529670481498,11049,689122,0.01603344545668256
New York,2014-15,48.6,47.1,50.1,13226,High Coverage,68637,7868,0.11463204976907498,10639,588815,0.01806849349965609
New York,2015-16,49.1,47.6,50.6,22196,High Coverage,76112,7555,0.09926161446289679,5409,382696,0.014133933984154525
New York,2016-17,49.8,48.3,51.3,20948,High Coverage,97683,12192,0.12481189152667302,16292,542464,0.03003332940066069
New York,2017-18,40.4,39.3,41.5,22031,High Coverage,123561,19051,0.15418295416838645,18264,599777,0.030451317739759943
New York,2018-19,9.9,9.3,10.5,23398,Low Coverage,119807,14640,0.1221965327568506,50082,2594742,0.0193013409425677
New York,2019-20,52.8,51.6,54.0,16840,High Coverage,96023,11143,0.11604511419139164,63449,2664753,0.023810461982780393
New York,2020-21,55.6,54.2,57.0,22676,High Coverage,135125,29,0.00021461609620721555,25787,2394175,0.010770724779934633
New York,2021-22,54.4,52.9,55.9,23747,High Coverage,287902,8285,0.028777153336899362,60266,2705605,0.02227450052760843
North Carolina,2010-11,7.5,6.6,8.4,9572,Low Coverage,1106,529,0.4783001808318264,12036,732502,0.016431354453639718
North Carolina,2011-12,8.7,7.3,10.1,13141,Low Coverage,630,149,0.2365079365079365,6711,730257,0.009189915331177927
North Carolina,2012-13,9.0,8.2,9.8,8573,Low Coverage,911,458,0.5027442371020856,12885,691954,0.01862118002063721
North Carolina,2013-14,9.8,8.9,10.7,7571,Low Coverage,2138,679,0.3175865294667914,8869,570979,0.015532970564591693
North Carolina,2014-15,52.4,50.2,54.6,7017,High Coverage,7013,1197,0.17068301725367174,9800,563941,0.017377704405248065
North Carolina,2015-16,9.8,8.6,11.0,7226,Low Coverage,7079,690,0.09747139426472666,9799,516727,0.018963591993451087
North Carolina,2016-17,9.9,8.9,10.9,6668,Low Coverage,15627,2278,0.14577334101235043,13851,552831,0.025054673127954112
North Carolina,2017-18,9.7,8.7,10.7,5342,Low Coverage,21427,2965,0.13837681429971532,18793,691545,0.027175382657672314
North Carolina,2018-19,54.8,52.6,57.0,6767,High Coverage,19092,2412,0.12633563796354494,92698,4319410,0.021460801359444923
North Carolina,2019-20,55.7,53.7,57.7,5869,High Coverage,13254,1135,0.0856345254262864,102776,4884340,0.02104194220713546
North Carolina,2020-21,53.3,51.3,55.3,6552,High Coverage,7949,25,0.00314504969178513,33588,4097092,0.008198009710301843
North Carolina,2021-22,9.2,8.2,10.2,6160,Low Coverage,1171,4,0.0034158838599487617,75869,4813450,0.01576187557780802
North Dakota,2010-11,5.9,4.9,6.9,5756,Low Coverage,3904,823,0.21080942622950818,829,107319,0.0077246340349798265
North Dakota,2011-12,8.0,6.7,9.3,5126,Low Coverage,159,69,0.4339622641509434,909,145703,0.006238718488981009
North Dakota,2012-13,7.2,6.4,8.0,6886,Low Coverage,4874,1145,0.2349199835863767,1987,65409,0.030378082526869393
North Dakota,2013-14,7.4,6.5,8.3,7920,Low Coverage,2712,522,0.19247787610619468,675,70747,0.009541040609495809
North Dakota,2014-15,6.8,5.8,7.8,6060,Low Coverage,1031,371,0.35984481086323955,986,68079,0.014483173959664508
North Dakota,2015-16,7.2,6.2,8.2,5805,Low Coverage,1131,98,0.08664898320070734,243,45342,0.00535926955140929
North Dakota,2016-17,7.6,6.7,8.5,7130,Low Coverage,2471,314,0.12707405908539052,873,58232,0.014991757109493062
North Dakota,2017-18,7.5,6.3,8.7,4798,Low Coverage,5074,1159,0.22841939298383918,824,52807,0.015603991895013918
North Dakota,2018-19,7.5,6.7,8.3,7313,Low Coverage,9072,2064,0.2275132275132275,2803,155131,0.01806860008637861
North Dakota,2019-20,8.7,7.5,9.9,5247,Low Coverage,13004,3279,0.25215318363580436,3796,163463,0.023222380599891106
North Dakota,2020-21,54.4,52.0,56.8,5524,High Coverage,326,0,0.0,1889,151092,0.01250231646943584
North Dakota,2021-22,52.6,50.0,55.2,5374,High Coverage,0,0,,3829,160415,0.02386933890222236
Ohio,2010-11,8.0,7.1,8.9,9766,Low Coverage,3591,460,0.12809802283486493,5096,563180,0.00904861678326645
Ohio,2011-12,8.5,7.6,9.4,9768,Low Coverage,3237,157,0.048501699104108745,3615,643082,0.005621367104039609
Ohio,2012-13,8.5,7.7,9.3,11102,Low Coverage,4053,1241,0.30619294349864296,7802,588542,0.013256488067121803
Ohio,2013-14,8.9,8.2,9.6,12068,Low Coverage,7393,2066,0.2794535371297173,6208,651270,0.009532144886145531
Ohio,2014-15,9.2,8.4,10.0,9902,Low Coverage,20440,2870,0.1404109589041096,5791,638646,0.009067621186071783
Ohio,2015-16,8.6,7.8,9.4,10516,Low Coverage,34716,2857,0.08229634750547297,6428,726147,0.008852202102329143
Ohio,2016-17,9.3,8.6,10.0,10327,Low Coverage,78735,11371,0.1444211595859529,10357,822149,0.012597473207411308
Ohio,2017-18,9.2,8.6,9.8,12801,Low Coverage,116075,21576,0.18587981908248977,12875,803137,0.016030888876991098
Ohio,2018-19,50.3,48.7,51.9,12308,High Coverage,105850,16939,0.16002834199338686,8817,717111,0.012295167693704322
Ohio,2019-20,50.9,49.5,52.3,12955,High Coverage,125360,22640,0.18059987236758138,10318,679783,0.015178373098474071
Ohio,2020-21,52.4,50.7,54.1,13701,High Coverage,54489,68,0.0012479583035108004,5625,545429,0.010312982991370095
Ohio,2021-22,49.6,47.9,51.3,10760,High Coverage,259021,11278,0.043540871203493155,54231,1933466,0.02804859252761621
Oklahoma,2010-11,7.6,6.4,8.8,8093,Low Coverage,3457,923,0.26699450390512003,3386,109479,0.030928305885146924
Oklahoma,2011-12,7.1,5.7,8.5,7841,Low Coverage,2398,298,0.12427022518765637,2953,139991,0.021094213199419964
Oklahoma,2012-13,6.6,5.8,7.4,6978,Low Coverage,5589,825,0.14761137949543746,5258,174291,0.03016793752976344
Oklahoma,2013-14,7.2,6.4,8.0,8454,Low Coverage,7782,1085,0.13942431251606272,5337,175538,0.03040367327872028
Oklahoma,2014-15,8.0,7.1,8.9,7393,Low Coverage,9861,1165,0.11814217624987323,4357,135407,0.03217706617826257
Oklahoma,2015-16,6.8,6.0,7.6,6324,Low Coverage,8239,243,0.029493870615365944,5168,226975,0.022769027425927967
Oklahoma,2016-17,8.4,7.4,9.4,6511,Low Coverage,10360,921,0.0888996138996139,9221,225234,0.040939644991431136
Oklahoma,2017-18,8.4,7.5,9.3,6536,Low Coverage,14846,1839,0.12387174996632089,11637,313718,0.03709382311502687
Oklahoma,2018-19,8.3,7.5,9.1,7087,Low Coverage,14184,1320,0.09306260575296109,12542,341333,0.03674417650798487
Oklahoma,2019-20,9.4,8.4,10.4,5946,Low Coverage,12967,1491,0.1149841906377728,14992,367607,0.040782683681213905
Oklahoma,2020-21,9.6,8.6,10.6,5187,Low Coverage,24880,7,0.0002813504823151125,3496,265550,0.013165128977593674
Oklahoma,2021-22,7.7,6.9,8.5,6165,Low Coverage,33103,1163,0.03513276742289218,12527,627706,0.01995679506010776
Oregon,2010-11,6.7,5.6,7.8,6064,Low Coverage,1019,368,0.36113837095191365,1731,152767,0.011330981167398719
Oregon,2011-12,7.3,6.5,8.1,6398,Low Coverage,921,358,0.38870792616720956,1535,150073,0.010228355533640295
Oregon,2012-13,8.4,7.4,9.4,6090,Low Coverage,1571,695,0.44239338001273076,1590,133330,0.011925298132453311
Oregon,2013-14,7.5,6.6,8.4,5641,Low Coverage,2154,771,0.3579387186629526,1097,133653,0.008207821747360703
Oregon,2014-15,8.7,7.8,9.6,6443,Low Coverage,10225,1757,0.17183374083129585,1013,140478,0.0072110935520152625
Oregon,2015-16,8.6,7.6,9.6,5231,Low Coverage,12117,1507,0.12437071882479162,2270,170633,0.01330340555461136
Oregon,2016-17,7.8,7.1,8.5,6492,Low Coverage,19516,4070,0.20854683336749333,3020,218700,0.013808870598994057
Oregon,2017-18,8.2,7.3,9.1,5197,Low Coverage,27922,5971,0.2138457130578039,31361,1556601,0.020147102565140327
Oregon,2018-19,8.2,7.5,8.9,6325,Low Coverage,30750,7042,0.2290081300813008,28280,1819650,0.015541450278899789
Oregon,2019-20,9.6,8.8,10.4,7770,Low Coverage,72648,10168,0.13996255918951658,41157,2032651,0.020247942219298837
Oregon,2020-21,51.4,49.4,53.4,6201,High Coverage,91612,61,0.0006658516351569664,16191,1796241,0.009013823868846107
Oregon,2021-22,9.6,8.7,10.5,6741,Low Coverage,210967,3675,0.01741978603288666,29006,2017872,0.01437454902986909
Pennsylvania,2010-11,7.8,7.0,8.6,12439,Low Coverage,9612,2604,0.27091136079900124,10313,616495,0.016728440619956365
Pennsylvania,2011-12,9.0,8.3,9.7,16922,Low Coverage,7498,458,0.061082955454787945,7813,761903,0.01025458621373062
Pennsylvania,2012-13,9.6,8.7,10.5,14907,Low Coverage,10346,2536,0.2451188865261937,13086,728462,0.017963874574102697
Pennsylvania,2013-14,9.8,9.0,10.6,14321,Low Coverage,11195,2438,0.21777579276462705,8957,638709,0.014023600732101786
Pennsylvania,2014-15,50.3,48.1,52.5,11990,High Coverage,22744,2852,0.12539570875835385,12490,676420,0.0184648591112031
Pennsylvania,2015-16,9.1,8.2,10.0,10370,Low Coverage,24354,1983,0.0814239960581424,11619,630089,0.01844025209137122
Pennsylvania,2016-17,53.3,50.8,55.8,9292,High Coverage,23757,3235,0.1361703918844972,10856,635340,0.017086914093241413
Pennsylvania,2017-18,46.0,43.3,48.7,7117,High Coverage,27051,4412,0.16309933089349746,51884,2559852,0.02026835926451998
Pennsylvania,2018-19,54.2,52.6,55.8,11333,High Coverage,20556,3051,0.14842381786339756,41858,2685086,0.015589072379804595
Pennsylvania,2019-20,56.1,54.3,57.9,9440,High Coverage,22976,4058,0.1766190807799443,53527,2688597,0.019908896721970604
Pennsylvania,2020-21,58.5,56.4,60.6,9902,High Coverage,18892,10,0.0005293245818335803,24661,2920445,0.008444261062954447
Pennsylvania,2021-22,55.1,52.4,57.8,9693,High Coverage,45274,2258,0.04987409992490171,47927,3410021,0.01405475215548526
Rhode Island,2010-11,8.1,7.2,9.0,7508,Low Coverage,0,0,,1947,235281,0.008275211343032374
Rhode Island,2011-12,8.7,7.6,9.8,6948,Low Coverage,0,0,,600,280005,0.002142818878234317
Rhode Island,2012-13,9.6,8.4,10.8,5067,Low Coverage,0,0,,1872,282995,0.006614957861446316
Rhode Island,2013-14,56.9,53.5,60.3,6848,High Coverage,0,0,,1386,280095,0.00494832110533926
Rhode Island,2014-15,58.7,56.2,61.2,7015,High Coverage,0,0,,1880,289579,0.006492183480155674
Rhode Island,2015-16,8.9,7.9,9.9,6784,Low Coverage,0,0,,1202,248382,0.004839320079554879
Rhode Island,2016-17,9.8,8.7,10.9,6723,Low Coverage,0,0,,2260,212854,0.010617606434457421
Rhode Island,2017-18,9.6,8.5,10.7,6250,Low Coverage,0,0,,3929,235285,0.016698897082261938
Rhode Island,2018-19,9.2,8.3,10.1,6699,Low Coverage,0,0,,4266,261164,0.01633456372241197
Rhode Island,2019-20,60.9,58.6,63.2,6336,High Coverage,0,0,,4528,298587,0.015164759349871227
Rhode Island,2020-21,66.4,63.7,69.1,5744,High Coverage,0,0,,2455,562066,0.004367814455953571
Rhode Island,2021-22,66.1,63.8,68.4,6813,High Coverage,0,0,,6251,635574,0.009835204083238144
South Carolina,2010-11,7.5,6.5,8.5,10200,Low Coverage,8030,967,0.12042341220423412,4298,271388,0.01583710407239819
South Carolina,2011-12,8.1,7.1,9.1,12189,Low Coverage,3186,130,0.04080351537978657,1066,304817,0.0034971802753783416
South Carolina,2012-13,8.3,7.5,9.1,11504,Low Coverage,7772,1625,0.2090838908903757,2990,308534,0.00969099029604517
South Carolina,2013-14,8.5,7.7,9.3,10826,Low Coverage,6081,1158,0.19042920572274297,1966,276708,0.0071049626320887
South Carolina,2014-15,8.1,7.4,8.8,9708,Low Coverage,13034,1310,0.10050636796071812,2070,240686,0.008600417141005293
South Carolina,2015-16,8.8,8.1,9.5,11089,Low Coverage,13139,778,0.05921302991095213,1698,171461,0.009903126658540425
South Carolina,2016-17,9.3,8.5,10.1,10801,Low Coverage,15067,1539,0.1021437578814628,7865,254326,0.030924875946619693
South Carolina,2017-18,7.9,7.2,8.6,10267,Low Coverage,22436,2885,0.12858798359778928,11038,270430,0.040816477461820065
South Carolina,2018-19,9.1,8.4,9.8,9389,Low Coverage,19038,1707,0.08966277970375039,20722,630213,0.03288094660059377
South Carolina,2019-20,50.7,48.1,53.3,5987,High Coverage,16839,1820,0.10808242769760674,22378,548830,0.0407740101670827
South Carolina,2020-21,48.1,45.5,50.7,6872,High Coverage,12410,107,0.008622078968573732,7517,614067,0.012241335228891962
South Carolina,2021-22,8.8,8.1,9.5,11672,Low Coverage,47853,1854,0.038743652435583975,31833,1572095,0.02024877631440848
South Dakota,2010-11,6.3,5.2,7.4,7253,Low Coverage,1533,770,0.502283105022831,3370,216959,0.015532888702473739
South Dakota,2011-12,6.9,5.6,8.2,5473,Low Coverage,3247,509,0.15676008623344626,2402,229699,0.010457163505283001
South Dakota,2012-13,6.9,5.8,8.0,6674,Low Coverage,5042,905,0.17949226497421658,2498,185871,0.01343942842078646
South Dakota,2013-14,57.4,54.9,59.9,7329,High Coverage,5448,897,0.16464757709251102,2885,242464,0.011898673617526726
South Dakota,2014-15,6.1,5.0,7.2,7582,Low Coverage,9515,1329,0.1396741986337362,3573,308087,0.011597373469182406
South Dakota,2015-16,6.7,5.6,7.8,7041,Low Coverage,7017,324,0.046173578452330055,4911,348325,0.014098901887604967
South Dakota,2016-17,8.0,6.9,9.1,6350,Low Coverage,8522,847,0.09938981459751232,6063,376623,0.01609832644315403
South Dakota,2017-18,6.9,6.1,7.7,8116,Low Coverage,2701,134,0.04961125509070714,9763,422330,0.02311699381999858
South Dakota,2018-19,7.4,6.5,8.3,7179,Low Coverage,3429,107,0.03120443277923593,8211,708044,0.011596736925953754
South Dakota,2019-20,7.7,6.8,8.6,9132,Low Coverage,3578,130,0.03633314700950251,7333,571351,0.012834492282327326
South Dakota,2020-21,58.1,55.7,60.5,6349,High Coverage,2152,0,0.0,2605,438211,0.0059446248496728745
South Dakota,2021-22,7.6,6.7,8.5,9038,Low Coverage,36428,1787,0.04905567146151312,4621,463200,0.009976252158894645
Tennessee,2010-11,5.5,4.6,6.4,7269,Low Coverage,3390,774,0.22831858407079647,6720,438173,0.015336408222323147
Tennessee,2011-12,7.1,5.5,8.7,6820,Low Coverage,846,96,0.11347517730496454,3863,542198,0.007124703521591743
Tennessee,2012-13,9.8,8.8,10.8,6900,Low Coverage,2063,613,0.29714008725157537,8452,510740,0.016548537416297922
Tennessee,2013-14,8.6,7.4,9.8,5428,Low Coverage,7317,1360,0.1858685253519202,5617,486427,0.011547467554227047
Tennessee,2014-15,9.5,8.4,10.6,6192,Low Coverage,11125,1194,0.10732584269662922,5171,465983,0.01109697134874019
Tennessee,2015-16,9.1,8.1,10.1,5803,Low Coverage,9012,666,0.07390146471371505,6669,445141,0.01498176982124765
Tennessee,2016-17,9.5,8.4,10.6,6367,Low Coverage,9176,915,0.09971665213600697,12549,457591,0.027424053357692785
Tennessee,2017-18,8.3,7.4,9.2,4963,Low Coverage,11902,1830,0.15375567131574525,7104,386124,0.018398234763961838
Tennessee,2018-19,9.6,8.6,10.6,5775,Low Coverage,5095,478,0.09381746810598626,12204,379221,0.03218176208596043
Tennessee,2019-20,49.1,46.5,51.7,5127,High Coverage,3252,400,0.12300123001230012,69274,1624086,0.042654145162263575
Tennessee,2020-21,50.4,47.5,53.3,6094,High Coverage,1353,5,0.003695491500369549,22962,1718320,0.013363052283625868
Tennessee,2021-22,8.0,7.1,8.9,5716,Low Coverage,3517,213,0.06056297981234006,40739,1809634,0.022512287014943354
Texas,2010-11,9.1,8.2,10.0,22207,Low Coverage,25168,4541,0.18042752701843612,55695,1871929,0.029752731006357613
Texas,2011-12,41.4,39.8,43.0,18233,High Coverage,23652,1395,0.05898021308980213,39174,1884428,0.02078827102972361
Texas,2012-13,43.7,41.7,45.7,16032,High Coverage,43922,8082,0.18400801420700333,66746,1900484,0.03512052719202056
Texas,2013-14,45.2,43.4,47.0,20873,High Coverage,46958,7230,0.1539673751011542,72232,1980183,0.03647743668135723
Texas,2014-15,50.1,48.2,52.0,22940,High Coverage,61977,9289,0.14987818061538957,58753,1810011,0.03246002372361273
Texas,2015-16,47.9,45.7,50.1,21564,High Coverage,63663,5031,0.0790254936148155,43082,1322436,0.03257775801626695
Texas,2016-17,43.5,41.5,45.5,23340,High Coverage,83647,9314,0.11134888280512152,45685,1241140,0.03680890149378797
Texas,2017-18,9.8,9.0,10.6,18715,Low Coverage,124402,27051,0.2174482725358113,67386,1292249,0.05214629688241198
Texas,2018-19,47.9,46.2,49.6,20511,High Coverage,116897,20920,0.17896096563641498,55131,1291828,0.04267673405437876
Texas,2019-20,47.3,45.6,49.0,17481,High Coverage,137174,26098,0.19025471299225802,61674,1247939,0.04942068482513969
Texas,2020-21,46.7,44.9,48.5,16643,High Coverage,88089,766,0.008695750888306144,32189,2036690,0.015804565250479945
Texas,2021-22,9.9,9.3,10.5,18593,Low Coverage,309779,15573,0.05027132245891426,81813,2837322,0.02883458416069801
Utah,2010-11,8.2,7.2,9.2,10551,Low Coverage,16079,3258,0.20262454132719696,2607,276745,0.009420224394298
Utah,2011-12,9.5,8.2,10.8,9449,Low Coverage,13601,1919,0.14109256672303508,16031,806458,0.019878282564002092
Utah,2012-13,9.0,8.0,10.0,7915,Low Coverage,24978,4518,0.1808791736728321,22245,904358,0.02459755981591361
Utah,2013-14,7.6,6.9,8.3,15401,Low Coverage,23223,2978,0.128234939499634,18612,964845,0.019290145049204795
Utah,2014-15,7.6,6.3,8.9,8418,Low Coverage,28134,3017,0.1072367953366034,17517,939240,0.018650185256164558
Utah,2015-16,8.9,8.0,9.8,8627,Low Coverage,27782,2752,0.09905694334461163,16855,1002878,0.016806630517371007
Utah,2016-17,9.5,8.6,10.4,10503,Low Coverage,31653,2671,0.08438378668688593,8973,887213,0.01011369310413621
Utah,2017-18,8.1,7.3,8.9,9382,Low Coverage,38567,5440,0.1410532320377525,12588,1375090,0.009154309899715656
Utah,2018-19,9.2,8.4,10.0,10046,Low Coverage,40209,6665,0.16575890969683404,27252,1215069,0.02242835592052797
Utah,2019-20,51.9,50.2,53.6,8039,High Coverage,39665,7260,0.18303290054203958,27860,1036848,0.026869897998549448
Utah,2020-21,52.5,50.8,54.2,9361,High Coverage,4819,7,0.0014525835235526042,9712,959769,0.010119101575483267
Utah,2021-22,50.3,48.6,52.0,9051,High Coverage,0,0,,23052,941040,0.024496301963784748
Vermont,2010-11,45.4,43.0,47.8,7738,High Coverage,144,110,0.7638888888888888,2147,125372,0.01712503589318189
Vermont,2011-12,6.2,5.4,7.0,6807,Low Coverage,53,41,0.7735849056603774,2385,127747,0.01866971435728432
Vermont,2012-13,6.5,5.7,7.3,6665,Low Coverage,130,85,0.6538461538461539,3334,126909,0.02627079245758772
Vermont,2013-14,6.7,6.0,7.4,7492,Low Coverage,552,132,0.2391304347826087,3126,124018,0.025206018481188214
Vermont,2014-15,7.4,6.4,8.4,7122,Low Coverage,5882,751,0.1276776606596396,3018,125654,0.024018336065704235
Vermont,2015-16,7.0,6.1,7.9,6678,Low Coverage,6469,410,0.06337919307466378,1529,121626,0.012571325210070216
Vermont,2016-17,7.2,6.4,8.0,7526,Low Coverage,5036,652,0.12946783161239078,1037,98861,0.010489475121635427
Vermont,2017-18,6.0,5.3,6.7,6936,Low Coverage,8345,1762,0.21114439784301978,2244,107476,0.020879079980646843
Vermont,2018-19,6.5,5.8,7.2,7170,Low Coverage,6654,1074,0.16140667267808836,4741,242212,0.019573761828480835
Vermont,2019-20,7.4,6.5,8.3,9159,Low Coverage,7464,1173,0.15715434083601287,3747,205105,0.018268691645742425
Vermont,2020-21,59.9,57.7,62.1,7668,High Coverage,4473,14,0.003129890453834116,1195,174690,0.006840689220905604
Vermont,2021-22,9.6,8.7,10.5,8799,Low Coverage,13351,614,0.04598906448955135,2272,265764,0.008548938155656898
Virginia,2010-11,8.0,7.0,9.0,7537,Low Coverage,3733,720,0.19287436378248057,54253,2673455,0.020293216081811737
Virginia,2011-12,9.6,8.4,10.8,6957,Low Coverage,2459,98,0.03985359902399349,42866,3434134,0.012482331790198052
Virginia,2012-13,9.8,8.8,10.8,8929,Low Coverage,5077,1182,0.23281465432341933,82991,3519566,0.023579895930350505
Virginia,2013-14,50.4,48.6,52.2,9414,High Coverage,6254,1139,0.18212344099776143,80441,3542860,0.022705102657175277
Virginia,2014-15,9.4,8.4,10.4,9953,Low Coverage,9613,1141,0.11869343597212109,83092,4289427,0.019371351931155373
Virginia,2015-16,9.4,8.5,10.3,9032,Low Coverage,9318,760,0.08156256707447951,85690,4458042,0.019221442956347205
Virginia,2016-17,50.5,48.4,52.6,8821,High Coverage,11615,1714,0.1475678002582867,103031,4577567,0.022507808187187648
Virginia,2017-18,48.0,46.4,49.6,9944,High Coverage,20201,3401,0.168358002079105,129193,4419488,0.029232571736816572
Virginia,2018-19,54.6,52.9,56.3,11249,High Coverage,18677,2182,0.11682818439792259,127022,4537463,0.02799405747220418
Virginia,2019-20,58.7,56.8,60.6,11258,High Coverage,16700,1832,0.10970059880239522,162601,4910363,0.03311384514749724
Virginia,2020-21,56.0,53.6,58.4,8364,High Coverage,10074,0,0.0,51342,4661740,0.011013484235500049
Virginia,2021-22,55.6,53.7,57.5,11351,High Coverage,48290,807,0.016711534479188238,145296,5412217,0.02684593023524371
Washington,2010-11,6.2,5.6,6.8,18192,Low Coverage,10128,828,0.08175355450236967,1337,90303,0.014805709666345526
Washington,2011-12,6.1,5.4,6.8,14140,Low Coverage,12101,1360,0.11238740599950417,2420,290528,0.008329661857032713
Washington,2012-13,7.9,7.2,8.6,11332,Low Coverage,15383,2108,0.13703438861080414,2902,299053,0.009703965517817912
Washington,2013-14,8.2,7.5,8.9,10040,Low Coverage,14489,1716,0.11843467458071641,1777,241423,0.007360524887852442
Washington,2014-15,9.1,8.3,9.9,11930,Low Coverage,15894,1561,0.09821316219957217,2038,191266,0.010655317725053067
Washington,2015-16,9.2,8.5,9.9,14147,Low Coverage,16557,1419,0.08570393187171589,1594,209571,0.007606014190894733
Washington,2016-17,48.3,47.0,49.6,14690,High Coverage,31993,3614,0.11296221048354327,1528,193904,0.007880188134334516
Washington,2017-18,48.5,46.9,50.1,10814,High Coverage,50321,7029,0.139683233640031,3811,287202,0.013269406201906671
Washington,2018-19,53.9,52.3,55.5,12131,High Coverage,52172,7777,0.14906463236985357,4592,279794,0.016412074597739766
Washington,2019-20,56.3,54.8,57.8,13651,High Coverage,51632,5415,0.10487682057638674,22127,828472,0.026708204984598152
Washington,2020-21,56.5,54.8,58.2,12464,High Coverage,20711,4,0.00019313408333735695,8133,1170659,0.0069473689605598216
Washington,2021-22,55.9,54.8,57.0,16338,High Coverage,99789,1890,0.01893996332261071,32387,1828582,0.017711538230169608
West Virginia,2010-11,6.8,5.9,7.7,5748,Low Coverage,8617,978,0.11349657653475688,7390,424584,0.017405271983871273
West Virginia,2011-12,47.5,45.4,49.6,6026,High Coverage,6787,208,0.030646824812140858,3457,571235,0.006051800047266011
West Virginia,2012-13,9.6,8.5,10.7,6252,Low Coverage,14050,2436,0.17338078291814946,7806,631108,0.012368722944408881
West Virginia,2013-14,9.8,8.9,10.7,6998,Low Coverage,14175,1447,0.10208112874779542,8021,662681,0.012103862944614376
West Virginia,2014-15,51.1,49.1,53.1,7024,High Coverage,19328,1634,0.08454056291390728,12495,717516,0.017414245814727475
West Virginia,2015-16,9.6,8.8,10.4,7627,Low Coverage,18445,942,0.05107075088099756,10592,768008,0.013791523004968699
West Virginia,2016-17,8.3,7.5,9.1,7184,Low Coverage,22285,1554,0.06973300426295714,13245,909589,0.014561521742237429
West Virginia,2017-18,8.7,7.8,9.6,6542,Low Coverage,32131,3305,0.1028601661946407,9807,496435,0.019754852095440492
West Virginia,2018-19,7.8,7.1,8.5,6964,Low Coverage,30639,2591,0.08456542315349717,10945,566623,0.019316194365565816
West Virginia,2019-20,8.5,7.7,9.3,6411,Low Coverage,30302,3100,0.10230347831826282,14232,583523,0.024389784121619885
West Virginia,2020-21,48.9,47.3,50.5,8191,High Coverage,35437,40,0.00112876372153399,4181,553599,0.007552398035401075
West Virginia,2021-22,6.9,6.2,7.6,6013,Low Coverage,71994,1588,0.022057393671694864,6578,547424,0.012016279885427018
Wisconsin,2010-11,5.7,4.9,6.5,6899,Low Coverage,6689,1981,0.29615787113170877,2030,160659,0.012635457708562857
Wisconsin,2011-12,6.6,5.5,7.7,4907,Low Coverage,4292,874,0.20363466915191053,1133,160047,0.0070791704936674854
Wisconsin,2012-13,7.6,6.4,8.8,5057,Low Coverage,4181,1588,0.37981344176034443,1837,186213,0.00986504701605151
Wisconsin,2013-14,6.8,5.9,7.7,7150,Low Coverage,4560,1314,0.2881578947368421,3531,224649,0.015717853184300842
Wisconsin,2014-15,7.0,5.9,8.1,5535,Low Coverage,6517,1645,0.25241675617615467,5542,268558,0.020636138189888218
Wisconsin,2015-16,7.1,6.2,8.0,5460,Low Coverage,34679,3874,0.11171025692782376,4148,247183,0.0167810893143946
Wisconsin,2016-17,7.8,6.8,8.8,5732,Low Coverage,43821,7772,0.17735788777070355,3224,199513,0.01615934801241022
Wisconsin,2017-18,7.7,6.8,8.6,6323,Low Coverage,73686,15479,0.21006704122899872,6188,276642,0.022368259338784422
Wisconsin,2018-19,8.1,7.1,9.1,5561,Low Coverage,68489,11069,0.1616171940019565,15052,870323,0.01729472850884097
Wisconsin,2019-20,8.6,7.4,9.8,4604,Low Coverage,95850,18763,0.19575378195096504,26496,1093690,0.024226243268202143
Wisconsin,2020-21,56.2,53.9,58.5,7058,High Coverage,120495,158,0.0013112577285364537,6417,895751,0.007163821195845721
Wisconsin,2021-22,9.8,8.8,10.8,6318,Low Coverage,425416,21006,0.049377550444741146,12272,1075958,0.011405649662905058
Wyoming,2010-11,9.0,6.0,12.0,7019,Low Coverage,968,205,0.21177685950413222,1742,162532,0.010717889400241183
Wyoming,2011-12,7.4,6.0,8.8,6621,Low Coverage,613,105,0.17128874388254486,1562,219332,0.0071216238396586
Wyoming,2012-13,6.0,5.1,6.9,5509,Low Coverage,1191,407,0.3417296389588581,3010,198631,0.01515372726311603
Wyoming,2013-14,6.1,5.3,6.9,6933,Low Coverage,980,270,0.2755102040816326,1727,219417,0.007870857773098712
Wyoming,2014-15,6.1,5.1,7.1,6660,Low Coverage,1066,358,0.33583489681050654,2909,242163,0.0120125700457956
Wyoming,2015-16,6.2,5.4,7.0,5668,Low Coverage,1060,143,0.1349056603773585,1571,182602,0.008603410696487443
Wyoming,2016-17,6.5,5.6,7.4,6294,Low Coverage,0,0,,2365,194565,0.012155320843933904
Wyoming,2017-18,5.2,4.5,5.9,5306,Low Coverage,24,11,0.4583333333333333,4651,183948,0.025284319481592623
Wyoming,2018-19,5.5,4.8,6.2,5447,Low Coverage,14,5,0.35714285714285715,3041,168012,0.018099897626360023
Wyoming,2019-20,6.3,5.4,7.2,5282,Low Coverage,818,253,0.3092909535452323,3617,179775,0.020119593936865528
Wyoming,2020-21,7.3,6.4,8.2,5732,Low Coverage,0,0,,976,144630,0.006748254165802392
Wyoming,2021-22,6.9,5.8,8.0,5094,Low Coverage,310,47,0.15161290322580645,2667,135991,0.019611591943584503
